,Humans,Mistral,Llama3,Haiku
r,-0.6260546054605459,-0.6145454545454544,-0.6135733573357335,-0.6622382238223822
p,3.2758950288794506e-12,1.0397411865337051e-11,1.1438340768086328e-11,6.232949807099583e-14
