,Mistral,Llama3,Haiku
r,0.6545595929534872,0.6483932222915566,0.6377170834733354
p,5.766708127051667e-32,3.286352581316029e-31,6.0912257587022e-30
