,Mistral,Llama3,Haiku
r,0.6667663802620841,0.3337293716699467,0.6298142370277923
p,1.6273386119202837e-33,6.442534683805083e-08,4.916204738759925e-29
