,Humans,Mistral,Llama3,Haiku
p,8.668191635601253e-15,0.0001554990155384195,0.043978726301469935,3.599504542680752e-14
effect,0.6859347966443903,0.3225270923338362,0.1526136053578282,0.669406247327658
