,Humans,Mistral,Llama3,Haiku
p,3.924141372965344e-15,0.012837610198735376,3.49753776740379e-16,2.0013104705843357e-06
effect,-0.694970403604204,-0.19955468541734792,-0.7218568438260884,-0.4124424006168599
