,Humans,Mistral,Llama3,Haiku
p,3.778464727931783e-10,6.132560243174883e-10,4.0155454535234565e-10,4.53402886074774e-10
effect,0.8703020984544719,0.8593806603562196,0.8689369186921904,0.8662065591676273
