,Nodes,Edges,Density,Average degree
Humans,24308.0,317344.0,0.0010741865211241596,26.11025176896495
Mistral,20339.0,199103.0,0.0009626534246875573,19.578445351295542
Llama3,38987.0,546866.0,0.0007195855309661675,28.053761510247007
Haiku,15596.0,64599.0,0.0005311989221922146,8.284047191587586
GPT-3.5 Turbo,4759.0,8267.0,0.0007301932110491561,3.474259298171885
GPT-4o,4716.0,8068.0,0.0007256720426480733,3.421543681085666
GPT-4 Turbo,4791.0,8046.0,0.0007012103853388988,3.358797745773325
