,Nodes,Edges,Density,Average degree
Humans,116640.0,1164026.0,0.00017112023896648695,19.95929355281207
Mistral,42073.0,417697.0,0.0004719486124649554,19.855822023625603
Llama3,105777.0,770458.0,0.00013772113057699222,14.567590307911928
Haiku,17679.0,77698.0,0.0004972204819590679,8.789863680072402
GPT-3.5 Turbo,4890.0,8368.0,0.0007000398624515366,3.4224948875255623
GPT-4o,4979.0,8284.0,0.000668456371723069,3.3275758184374373
GPT-4 Turbo,5071.0,8264.0,0.0006428634494711585,3.2593176888187734
