Unique cues,Total responses,Unique responses,Percent missing responses
11545.0,3148578.0,116640.0,0.09092594196621914
11545.0,3268206.0,41369.0,0.05638631442182763
11545.0,3348049.0,105367.0,0.033333622058611234
11545.0,3403644.0,15275.0,0.017281940233867477
2850.0,8530.0,3007.0,0.0023391812865497076
2850.0,8542.0,3218.0,0.0009356725146198831
2850.0,8527.0,3289.0,0.002690058479532164
