,Nodes,Edges,Density,Average degree
Humans,116640.0,1164026.0,0.00017112023896648695,19.95929355281207
Mistral,42073.0,417697.0,0.0004719486124649554,19.855822023625603
Llama3,105777.0,770458.0,0.00013772113057699222,14.567590307911928
Haiku,17679.0,77698.0,0.0004972204819590679,8.789863680072402
