,Unique cues,Total responses,Unique responses,Percent missing responses
Humans,11545,3148578,116645,0.090925942
Mistral,11545,3268206,41372,0.056386314
Llama3,11545,3348050,105370,0.033333333
Haiku,11545,3403644,15275,0.01728194
